{
  "project_info": {
    "project_number": "1003742034090",
    "firebase_url": "https://pnulocal.firebaseio.com",
    "project_id": "pnulocal",
    "storage_bucket": "pnulocal.appspot.com"
  },
  "client": [
    {
      "client_info": {
        "mobilesdk_app_id": "1:1003742034090:android:a1d6cb3c3fb730fd",
        "android_client_info": {
          "package_name": "com.example.term"
        }
      },
      "oauth_client": [
        {
          "client_id": "1003742034090-il4o4819bj73p6g3a2d5tf3um0uliqv1.apps.googleusercontent.com",
          "client_type": 1,
          "android_info": {
            "package_name": "com.example.term",
            "certificate_hash": "4b032f22a5ce185ef80c4050dc643f857664dfe2"
          }
        },
        {
          "client_id": "1003742034090-ol91vqk8iakv3s8sb8j265isbq4l6guc.apps.googleusercontent.com",
          "client_type": 3
        }
      ],
      "api_key": [
        {
          "current_key": "AIzaSyAGISeN-FH5NzshNOcCVt4_6o4Toz4dxxs"
        }
      ],
      "services": {
        "appinvite_service": {
          "other_platform_oauth_client": [
            {
              "client_id": "1003742034090-ol91vqk8iakv3s8sb8j265isbq4l6guc.apps.googleusercontent.com",
              "client_type": 3
            }
          ]
        }
      }
    }
  ],
  "configuration_version": "1"
}